"","Mean","SD","Naive SE","Time-series SE","2.5%","25%","50%","75%","97.5%","Effective N"
"deviance",-76,11.2,0.187,0.607,-92.8,-84.2,-77.8,-69.5,-49.7,345
"med.emax",9.98,0.601,0.01,0.0235,8.84,9.66,9.97,10.3,11.1,664
"med.e0",2,0.112,0.00186,0.00188,1.82,1.96,2,2.04,2.18,3730
"ed50",6.26,1.01,0.0168,0.0719,4.28,5.72,6.25,6.75,8.31,158
"omega.emax",0.0961,0.0777,0.0013,0.00166,0.0349,0.0581,0.0778,0.11,0.255,2840
"omega.e0",0.0832,0.065,0.00108,0.00142,0.0174,0.0484,0.068,0.0978,0.238,2680
"sigma",0.166,0.0782,0.0013,0.00393,0.0793,0.115,0.145,0.194,0.368,430
